<?xml version="1.0" encoding="UTF-8"?>
<beans xmlns="http://www.springframework.org/schema/beans"
   xmlns:xsi="http://www.w3.org/2001/XMLSchema-instance"
   xmlns:aop="http://www.springframework.org/schema/aop"
   xmlns:context="http://www.springframework.org/schema/context"
   xmlns:jdbc="http://www.springframework.org/schema/jdbc"
   xmlns:mvc="http://www.springframework.org/schema/mvc"
   xmlns:tx="http://www.springframework.org/schema/tx"
   xmlns:util="http://www.springframework.org/schema/util"
   xsi:schemaLocation="http://www.springframework.org/schema/jdbc http://www.springframework.org/schema/jdbc/spring-jdbc-4.3.xsd
      http://www.springframework.org/schema/mvc http://www.springframework.org/schema/mvc/spring-mvc-4.3.xsd
      http://www.springframework.org/schema/beans http://www.springframework.org/schema/beans/spring-beans.xsd
      http://www.springframework.org/schema/context http://www.springframework.org/schema/context/spring-context-4.3.xsd
      http://www.springframework.org/schema/aop http://www.springframework.org/schema/aop/spring-aop-4.3.xsd
      http://www.springframework.org/schema/tx http://www.springframework.org/schema/tx/spring-tx-4.3.xsd
      http://www.springframework.org/schema/util http://www.springframework.org/schema/util/spring-util-4.3.xsd">
   
   
   <mvc:annotation-driven />

   <mvc:resources mapping="/resources/**" location="/resources/" />
   <bean class="org.springframework.web.servlet.view.ContentNegotiatingViewResolver">
      <property name="viewResolvers">
         <list>
            <bean class="org.springframework.web.servlet.view.UrlBasedViewResolver">
               <property name="viewClass" value="org.springframework.web.servlet.view.tiles3.TilesView"></property>
            </bean>
            <bean class="org.springframework.web.servlet.view.InternalResourceViewResolver">
               <property name="prefix" value="/WEB-INF/views/" />
               <property name="suffix" value=".jsp" />
            </bean>
         </list>
      </property>
   </bean>
   <bean id="tilesConfigurer" class="org.springframework.web.servlet.view.tiles3.TilesConfigurer">
      <property name="definitions">
         <list>
            <value>/WEB-INF/tiles.xml</value>
         </list>
      </property>
   </bean>
   
   <context:component-scan base-package="com.gms.web" />
   
      
</beans>