<?xml version="1.0" encoding="UTF-8"?>
 <!DOCTYPE tiles-definitions PUBLIC
 "-//Apache Software Foundation//DTD Tiles Configuration 3.0//EN"
 "http://tiles.apache.org/dtds/tiles-config_3_0.dtd">
 <tiles-definitions>
 <definition name="public" template="/WEB-INF/views/common/layout.jsp">
 <put-attribute name="title" value=""></put-attribute>
 <put-attribute name="header"
       value="/WEB-INF/views/common/header.jsp"></put-attribute>
 <put-attribute name="content" value=""></put-attribute>
 <put-attribute name="footer"
       value="/WEB-INF/views/common/footer.jsp"></put-attribute>
 </definition>
 <definition name="public:*/*.tiles" extends="public">
 <put-attribute name="content"
       value="/WEB-INF/views/{1}/{2}.jsp"></put-attribute>
 </definition>
 
 <definition name="member" template="/WEB-INF/views/common/layout.jsp">
 <put-attribute name="title" value=""></put-attribute>
 <put-attribute name="header"
       value="/WEB-INF/views/common/header.jsp"></put-attribute>
 <put-attribute name="content" value=""></put-attribute>
 <put-attribute name="footer"
       value="/WEB-INF/views/common/footer.jsp"></put-attribute>
 </definition>
 <definition name="member:*/*.tiles" extends="member">
 <put-attribute name="content"
       value="/WEB-INF/views/{1}/{2}.jsp"></put-attribute>
 </definition>
 
 <definition name="grade" template="/WEB-INF/views/common/layout.jsp">
 <put-attribute name="title" value=""></put-attribute>
 <put-attribute name="header"
       value="/WEB-INF/views/common/header.jsp"></put-attribute>
 <put-attribute name="content" value=""></put-attribute>
 <put-attribute name="footer"
       value="/WEB-INF/views/common/footer.jsp"></put-attribute>
 </definition>
 <definition name="grade:*/*.tiles" extends="grade">
 <put-attribute name="content"
       value="/WEB-INF/views/{1}/{2}.jsp"></put-attribute>
 </definition>
 
 <definition name="board" template="/WEB-INF/views/common/layout.jsp">
 <put-attribute name="title" value=""></put-attribute>
 <put-attribute name="header"
       value="/WEB-INF/views/common/header.jsp"></put-attribute>
 <put-attribute name="content" value=""></put-attribute>
 <put-attribute name="footer"
       value="/WEB-INF/views/common/footer.jsp"></put-attribute>
 </definition>
 <definition name="board:*/*.tiles" extends="board">
 <put-attribute name="content"
       value="/WEB-INF/views/{1}/{2}.jsp"></put-attribute>
 </definition>
 
 
 </tiles-definitions>