<?xml version="1.0" encoding="UTF-8"?>
<!DOCTYPE mapper
  PUBLIC "-//mybatis.org//DTD Mapper 3.0//EN"
  "http://mybatis.org/dtd/mybatis-3-mapper.dtd">
<mapper namespace="com.gms.web.mapper.BoardMapper">
<resultMap  id="resultMap" type="com.gms.web.command.ResultMap">
<id property="articleSeq" column="article_seq"></id>
	<result property="count" column="count"></result>
	<result property="id" column="member_id"></result>
	<result property="regdate" column="regdate"></result>
	<result property="title" column="title"></result>
	<result property="content" column="content"></result>
	<result property="hitcount" column="hitcount"></result>
</resultMap>

<resultMap  id="Board" type="com.gms.web.board.Board">
	<id property="articleSeq" column="article_seq"></id>
	<result property="id" column="member_id"></result>
	<result property="regdate" column="regdate"></result>
	<result property="title" column="title"></result>
	<result property="content" column="content"></result>
	<result property="hitcount" column="hitcount"></result>
</resultMap>



<select  id="selectList" 
resultMap="Board" 
parameterType="com.gms.web.command.Command">
 select * from board
 </select>
 <select  id="count" 
 resultMap="resultMap">
	SELECT COUNT(*) AS count FROM board;
 </select>
 
 <select  id="selectOne"
 parameterType="com.gms.web.command.Command"
  resultMap="resultMap">
  	SELECT * FROM board where ${column} like #{search};
  </select>

 <delete  id="delete" 
 parameterType="com.gms.web.command.Command">
 delete from board where article_seq= #{search};
 </delete>
	
 <update id="update" 
parameterType="com.gms.web.command.Command">
update board set title=#{column} ,content=#{action} where article_seq= #{search};
 </update>
 
  <insert id="insert" 
   parameterType="com.gms.web.command.Command">
 </insert>
 
</mapper>