<?xml version="1.0" encoding="UTF-8"?>
<beans xmlns="http://www.springframework.org/schema/beans"
	xmlns:xsi="http://www.w3.org/2001/XMLSchema-instance"
	xmlns:aop="http://www.springframework.org/schema/aop"
	xmlns:context="http://www.springframework.org/schema/context"
	xmlns:jdbc="http://www.springframework.org/schema/jdbc"
	xmlns:mvc="http://www.springframework.org/schema/mvc"
	xmlns:tx="http://www.springframework.org/schema/tx"
	xmlns:util="http://www.springframework.org/schema/util"
	xmlns:mybatis-spring="http://mybatis.org/schema/mybatis-spring"
	xsi:schemaLocation="http://www.springframework.org/schema/jdbc http://www.springframework.org/schema/jdbc/spring-jdbc-4.3.xsd
		http://www.springframework.org/schema/mvc http://www.springframework.org/schema/mvc/spring-mvc-4.3.xsd
		http://mybatis.org/schema/mybatis-spring http://mybatis.org/schema/mybatis-spring-1.2.xsd
		http://www.springframework.org/schema/beans http://www.springframework.org/schema/beans/spring-beans.xsd
		http://www.springframework.org/schema/context http://www.springframework.org/schema/context/spring-context-4.3.xsd
		http://www.springframework.org/schema/aop http://www.springframework.org/schema/aop/spring-aop-4.3.xsd
		http://www.springframework.org/schema/tx http://www.springframework.org/schema/tx/spring-tx-4.3.xsd
		http://www.springframework.org/schema/util http://www.springframework.org/schema/util/spring-util-4.3.xsd">
   
    <!-- 아래는 @Authwired 를 사용하기 위해 추가해준 문장 -->
   <context:annotation-config />
   <mvc:annotation-driven />
   <tx:annotation-driven/>
   <mvc:resources mapping="/resources/**" location="/resources/" />
 	
 	<bean id="transactionManager" class="org.springframework.jdbc.datasource.DataSourceTransactionManager">
 		<property name="dataSource" ref="dataSourse"/>
 	</bean>
 
   <bean class="org.springframework.web.servlet.view.ContentNegotiatingViewResolver">
      <property name="viewResolvers">
         <list>
            <bean class="org.springframework.web.servlet.view.UrlBasedViewResolver">
               <property name="viewClass" value="org.springframework.web.servlet.view.tiles3.TilesView"></property>
            </bean>
            <bean class="org.springframework.web.servlet.view.InternalResourceViewResolver">
               <property name="prefix" value="/WEB-INF/views/" />
               <property name="suffix" value=".jsp" />
            </bean>
         </list>
      </property>
   </bean>
   <bean id="tilesConfigurer" class="org.springframework.web.servlet.view.tiles3.TilesConfigurer">
      <property name="definitions">
         <list>
            <value>/WEB-INF/tiles.xml</value>
         </list>
      </property>
   </bean>
   
   <context:component-scan base-package="com.gms.web" />
   <mybatis-spring:scan base-package="com.gms.web.mapper" />	
   <context:property-placeholder
   		location="classpath:/config/database.properties" />
   		
   	<bean id="dataSourse" class="org.apache.commons.dbcp.BasicDataSource">
   		<property name="driverClassName" value="${jdbc.driver}"/>
   		<property name="url" value="${jdbc.url}"/>
   		<property name="username" value="${jdbc.username}"/>
   		<property name="password" value="${jdbc.password}"/>
   	</bean>
   	<bean id="sqlSessionFactoryBean" class="org.mybatis.spring.SqlSessionFactoryBean">
   	<property name="dataSource" ref="dataSourse"/>
   	<property name="mapperLocations" value="classpath*:com/gms/web/mapper/*.xml"/>
   	</bean>
   	<bean id="sqlSession" class="org.mybatis.spring.SqlSessionTemplate">
   <constructor-arg ref="sqlSessionFactoryBean"/>
   	</bean>

       
</beans>